configuration,kind,group,successes,total
C0_container,attack,allowed-output-corruption,30,30
C0_container,attack,code-child,30,30
C0_container,attack,code-exfiltration,30,30
C0_container,attack,code-extra-output,30,30
C0_container,attack,code-network,30,30
C0_container,attack,code-protected-write,30,30
C0_container,attack,code-secret,30,30
C0_container,attack,code-symlink,30,30
C0_container,attack,input-payload,3,3
C0_container,attack,structured-outside,30,30
C0_container,attack,structured-secret,30,30
C0_container,attack,structured-sibling,30,30
C0_container,attack,structured-symlink,30,30
C0_container,attack,structured-traversal,30,30
C0_container,attack,swapped-input-hardlink,30,30
C0_container,attack,swapped-input-symlink,30,30
C0_container,benign,archive-manifest,36,36
C0_container,benign,config-check,36,36
C0_container,benign,csv-total,36,36
C0_container,benign,hash,36,36
C0_container,benign,json-total,36,36
C0_container,benign,log-count,36,36
C0_container,benign,markdown,36,36
C0_container,benign,python-check,36,36
C0_container,benign,python-tests,36,36
C0_container,benign,sqlite-report,36,36
C2_workspace,attack,allowed-output-corruption,30,30
C2_workspace,attack,code-child,30,30
C2_workspace,attack,code-exfiltration,30,30
C2_workspace,attack,code-extra-output,30,30
C2_workspace,attack,code-network,30,30
C2_workspace,attack,code-protected-write,30,30
C2_workspace,attack,code-secret,30,30
C2_workspace,attack,code-symlink,30,30
C2_workspace,attack,input-payload,3,3
C2_workspace,attack,structured-outside,0,30
C2_workspace,attack,structured-secret,30,30
C2_workspace,attack,structured-sibling,30,30
C2_workspace,attack,structured-symlink,30,30
C2_workspace,attack,structured-traversal,30,30
C2_workspace,attack,swapped-input-hardlink,30,30
C2_workspace,attack,swapped-input-symlink,30,30
C2_workspace,benign,archive-manifest,36,36
C2_workspace,benign,config-check,36,36
C2_workspace,benign,csv-total,36,36
C2_workspace,benign,hash,36,36
C2_workspace,benign,json-total,36,36
C2_workspace,benign,log-count,36,36
C2_workspace,benign,markdown,36,36
C2_workspace,benign,python-check,36,36
C2_workspace,benign,python-tests,36,36
C2_workspace,benign,sqlite-report,36,36
C3_manual_exact,attack,allowed-output-corruption,30,30
C3_manual_exact,attack,code-child,0,30
C3_manual_exact,attack,code-exfiltration,0,30
C3_manual_exact,attack,code-extra-output,0,30
C3_manual_exact,attack,code-network,0,30
C3_manual_exact,attack,code-protected-write,0,30
C3_manual_exact,attack,code-secret,0,30
C3_manual_exact,attack,code-symlink,0,30
C3_manual_exact,attack,input-payload,0,3
C3_manual_exact,attack,structured-outside,0,30
C3_manual_exact,attack,structured-secret,0,30
C3_manual_exact,attack,structured-sibling,0,30
C3_manual_exact,attack,structured-symlink,0,30
C3_manual_exact,attack,structured-traversal,0,30
C3_manual_exact,attack,swapped-input-hardlink,0,30
C3_manual_exact,attack,swapped-input-symlink,0,30
C3_manual_exact,benign,archive-manifest,36,36
C3_manual_exact,benign,config-check,36,36
C3_manual_exact,benign,csv-total,36,36
C3_manual_exact,benign,hash,36,36
C3_manual_exact,benign,json-total,36,36
C3_manual_exact,benign,log-count,36,36
C3_manual_exact,benign,markdown,36,36
C3_manual_exact,benign,python-check,36,36
C3_manual_exact,benign,python-tests,36,36
C3_manual_exact,benign,sqlite-report,36,36
Progent_exact_plus_hybrid,attack,allowed-output-corruption,30,30
Progent_exact_plus_hybrid,attack,code-child,0,30
Progent_exact_plus_hybrid,attack,code-exfiltration,0,30
Progent_exact_plus_hybrid,attack,code-extra-output,0,30
Progent_exact_plus_hybrid,attack,code-network,0,30
Progent_exact_plus_hybrid,attack,code-protected-write,0,30
Progent_exact_plus_hybrid,attack,code-secret,0,30
Progent_exact_plus_hybrid,attack,code-symlink,0,30
Progent_exact_plus_hybrid,attack,input-payload,0,3
Progent_exact_plus_hybrid,attack,structured-outside,0,30
Progent_exact_plus_hybrid,attack,structured-secret,0,30
Progent_exact_plus_hybrid,attack,structured-sibling,0,30
Progent_exact_plus_hybrid,attack,structured-symlink,0,30
Progent_exact_plus_hybrid,attack,structured-traversal,0,30
Progent_exact_plus_hybrid,attack,swapped-input-hardlink,0,30
Progent_exact_plus_hybrid,attack,swapped-input-symlink,0,30
Progent_exact_plus_hybrid,benign,archive-manifest,36,36
Progent_exact_plus_hybrid,benign,config-check,36,36
Progent_exact_plus_hybrid,benign,csv-total,36,36
Progent_exact_plus_hybrid,benign,hash,36,36
Progent_exact_plus_hybrid,benign,json-total,36,36
Progent_exact_plus_hybrid,benign,log-count,36,36
Progent_exact_plus_hybrid,benign,markdown,36,36
Progent_exact_plus_hybrid,benign,python-check,36,36
Progent_exact_plus_hybrid,benign,python-tests,36,36
Progent_exact_plus_hybrid,benign,sqlite-report,36,36
Progent_manual_exact_code,attack,allowed-output-corruption,30,30
Progent_manual_exact_code,attack,code-child,0,30
Progent_manual_exact_code,attack,code-exfiltration,0,30
Progent_manual_exact_code,attack,code-extra-output,0,30
Progent_manual_exact_code,attack,code-network,0,30
Progent_manual_exact_code,attack,code-protected-write,0,30
Progent_manual_exact_code,attack,code-secret,0,30
Progent_manual_exact_code,attack,code-symlink,0,30
Progent_manual_exact_code,attack,input-payload,3,3
Progent_manual_exact_code,attack,structured-outside,0,30
Progent_manual_exact_code,attack,structured-secret,0,30
Progent_manual_exact_code,attack,structured-sibling,0,30
Progent_manual_exact_code,attack,structured-symlink,0,30
Progent_manual_exact_code,attack,structured-traversal,0,30
Progent_manual_exact_code,attack,swapped-input-hardlink,30,30
Progent_manual_exact_code,attack,swapped-input-symlink,30,30
Progent_manual_exact_code,benign,archive-manifest,36,36
Progent_manual_exact_code,benign,config-check,36,36
Progent_manual_exact_code,benign,csv-total,36,36
Progent_manual_exact_code,benign,hash,36,36
Progent_manual_exact_code,benign,json-total,36,36
Progent_manual_exact_code,benign,log-count,36,36
Progent_manual_exact_code,benign,markdown,36,36
Progent_manual_exact_code,benign,python-check,36,36
Progent_manual_exact_code,benign,python-tests,36,36
Progent_manual_exact_code,benign,sqlite-report,36,36
Progent_manual_hardened,attack,allowed-output-corruption,30,30
Progent_manual_hardened,attack,code-child,0,30
Progent_manual_hardened,attack,code-exfiltration,0,30
Progent_manual_hardened,attack,code-extra-output,0,30
Progent_manual_hardened,attack,code-network,0,30
Progent_manual_hardened,attack,code-protected-write,0,30
Progent_manual_hardened,attack,code-secret,0,30
Progent_manual_hardened,attack,code-symlink,0,30
Progent_manual_hardened,attack,input-payload,3,3
Progent_manual_hardened,attack,structured-outside,0,30
Progent_manual_hardened,attack,structured-secret,0,30
Progent_manual_hardened,attack,structured-sibling,0,30
Progent_manual_hardened,attack,structured-symlink,0,30
Progent_manual_hardened,attack,structured-traversal,0,30
Progent_manual_hardened,attack,swapped-input-hardlink,0,30
Progent_manual_hardened,attack,swapped-input-symlink,0,30
Progent_manual_hardened,benign,archive-manifest,36,36
Progent_manual_hardened,benign,config-check,36,36
Progent_manual_hardened,benign,csv-total,36,36
Progent_manual_hardened,benign,hash,36,36
Progent_manual_hardened,benign,json-total,36,36
Progent_manual_hardened,benign,log-count,36,36
Progent_manual_hardened,benign,markdown,36,36
Progent_manual_hardened,benign,python-check,36,36
Progent_manual_hardened,benign,python-tests,36,36
Progent_manual_hardened,benign,sqlite-report,36,36
Progent_manual_open_code,attack,allowed-output-corruption,30,30
Progent_manual_open_code,attack,code-child,30,30
Progent_manual_open_code,attack,code-exfiltration,30,30
Progent_manual_open_code,attack,code-extra-output,30,30
Progent_manual_open_code,attack,code-network,30,30
Progent_manual_open_code,attack,code-protected-write,30,30
Progent_manual_open_code,attack,code-secret,30,30
Progent_manual_open_code,attack,code-symlink,30,30
Progent_manual_open_code,attack,input-payload,3,3
Progent_manual_open_code,attack,structured-outside,0,30
Progent_manual_open_code,attack,structured-secret,0,30
Progent_manual_open_code,attack,structured-sibling,0,30
Progent_manual_open_code,attack,structured-symlink,0,30
Progent_manual_open_code,attack,structured-traversal,0,30
Progent_manual_open_code,attack,swapped-input-hardlink,30,30
Progent_manual_open_code,attack,swapped-input-symlink,30,30
Progent_manual_open_code,benign,archive-manifest,36,36
Progent_manual_open_code,benign,config-check,36,36
Progent_manual_open_code,benign,csv-total,36,36
Progent_manual_open_code,benign,hash,36,36
Progent_manual_open_code,benign,json-total,36,36
Progent_manual_open_code,benign,log-count,36,36
Progent_manual_open_code,benign,markdown,36,36
Progent_manual_open_code,benign,python-check,36,36
Progent_manual_open_code,benign,python-tests,36,36
Progent_manual_open_code,benign,sqlite-report,36,36
Progent_manual_structured,attack,allowed-output-corruption,30,30
Progent_manual_structured,attack,code-child,0,30
Progent_manual_structured,attack,code-exfiltration,0,30
Progent_manual_structured,attack,code-extra-output,0,30
Progent_manual_structured,attack,code-network,0,30
Progent_manual_structured,attack,code-protected-write,0,30
Progent_manual_structured,attack,code-secret,0,30
Progent_manual_structured,attack,code-symlink,0,30
Progent_manual_structured,attack,input-payload,3,3
Progent_manual_structured,attack,structured-outside,0,30
Progent_manual_structured,attack,structured-secret,0,30
Progent_manual_structured,attack,structured-sibling,0,30
Progent_manual_structured,attack,structured-symlink,0,30
Progent_manual_structured,attack,structured-traversal,0,30
Progent_manual_structured,attack,swapped-input-hardlink,30,30
Progent_manual_structured,attack,swapped-input-symlink,30,30
Progent_manual_structured,benign,archive-manifest,18,36
Progent_manual_structured,benign,config-check,18,36
Progent_manual_structured,benign,csv-total,18,36
Progent_manual_structured,benign,hash,18,36
Progent_manual_structured,benign,json-total,18,36
Progent_manual_structured,benign,log-count,18,36
Progent_manual_structured,benign,markdown,18,36
Progent_manual_structured,benign,python-check,18,36
Progent_manual_structured,benign,python-tests,18,36
Progent_manual_structured,benign,sqlite-report,18,36
bound_stable_k3,attack,allowed-output-corruption,30,30
bound_stable_k3,attack,code-child,0,30
bound_stable_k3,attack,code-exfiltration,0,30
bound_stable_k3,attack,code-extra-output,0,30
bound_stable_k3,attack,code-network,0,30
bound_stable_k3,attack,code-protected-write,0,30
bound_stable_k3,attack,code-secret,0,30
bound_stable_k3,attack,code-symlink,0,30
bound_stable_k3,attack,input-payload,0,3
bound_stable_k3,attack,structured-outside,0,30
bound_stable_k3,attack,structured-secret,0,30
bound_stable_k3,attack,structured-sibling,0,30
bound_stable_k3,attack,structured-symlink,0,30
bound_stable_k3,attack,structured-traversal,0,30
bound_stable_k3,attack,swapped-input-hardlink,0,30
bound_stable_k3,attack,swapped-input-symlink,0,30
bound_stable_k3,benign,archive-manifest,36,36
bound_stable_k3,benign,config-check,36,36
bound_stable_k3,benign,csv-total,24,36
bound_stable_k3,benign,hash,36,36
bound_stable_k3,benign,json-total,36,36
bound_stable_k3,benign,log-count,36,36
bound_stable_k3,benign,markdown,36,36
bound_stable_k3,benign,python-check,36,36
bound_stable_k3,benign,python-tests,36,36
bound_stable_k3,benign,sqlite-report,36,36
directory_k3,attack,allowed-output-corruption,30,30
directory_k3,attack,code-child,0,30
directory_k3,attack,code-exfiltration,0,30
directory_k3,attack,code-extra-output,30,30
directory_k3,attack,code-network,0,30
directory_k3,attack,code-protected-write,0,30
directory_k3,attack,code-secret,0,30
directory_k3,attack,code-symlink,0,30
directory_k3,attack,input-payload,0,3
directory_k3,attack,structured-outside,0,30
directory_k3,attack,structured-secret,0,30
directory_k3,attack,structured-sibling,30,30
directory_k3,attack,structured-symlink,0,30
directory_k3,attack,structured-traversal,0,30
directory_k3,attack,swapped-input-hardlink,30,30
directory_k3,attack,swapped-input-symlink,0,30
directory_k3,benign,archive-manifest,36,36
directory_k3,benign,config-check,36,36
directory_k3,benign,csv-total,36,36
directory_k3,benign,hash,36,36
directory_k3,benign,json-total,36,36
directory_k3,benign,log-count,36,36
directory_k3,benign,markdown,36,36
directory_k3,benign,python-check,36,36
directory_k3,benign,python-tests,36,36
directory_k3,benign,sqlite-report,36,36
hybrid_validated_k3,attack,allowed-output-corruption,30,30
hybrid_validated_k3,attack,code-child,0,30
hybrid_validated_k3,attack,code-exfiltration,0,30
hybrid_validated_k3,attack,code-extra-output,0,30
hybrid_validated_k3,attack,code-network,0,30
hybrid_validated_k3,attack,code-protected-write,0,30
hybrid_validated_k3,attack,code-secret,0,30
hybrid_validated_k3,attack,code-symlink,0,30
hybrid_validated_k3,attack,input-payload,0,3
hybrid_validated_k3,attack,structured-outside,0,30
hybrid_validated_k3,attack,structured-secret,0,30
hybrid_validated_k3,attack,structured-sibling,0,30
hybrid_validated_k3,attack,structured-symlink,0,30
hybrid_validated_k3,attack,structured-traversal,0,30
hybrid_validated_k3,attack,swapped-input-hardlink,0,30
hybrid_validated_k3,attack,swapped-input-symlink,0,30
hybrid_validated_k3,benign,archive-manifest,36,36
hybrid_validated_k3,benign,config-check,36,36
hybrid_validated_k3,benign,csv-total,36,36
hybrid_validated_k3,benign,hash,36,36
hybrid_validated_k3,benign,json-total,36,36
hybrid_validated_k3,benign,log-count,36,36
hybrid_validated_k3,benign,markdown,36,36
hybrid_validated_k3,benign,python-check,36,36
hybrid_validated_k3,benign,python-tests,36,36
hybrid_validated_k3,benign,sqlite-report,36,36
hybrid_without_exact_outputs,attack,allowed-output-corruption,30,30
hybrid_without_exact_outputs,attack,code-child,0,30
hybrid_without_exact_outputs,attack,code-exfiltration,0,30
hybrid_without_exact_outputs,attack,code-extra-output,30,30
hybrid_without_exact_outputs,attack,code-network,0,30
hybrid_without_exact_outputs,attack,code-protected-write,0,30
hybrid_without_exact_outputs,attack,code-secret,0,30
hybrid_without_exact_outputs,attack,code-symlink,0,30
hybrid_without_exact_outputs,attack,input-payload,0,3
hybrid_without_exact_outputs,attack,structured-outside,0,30
hybrid_without_exact_outputs,attack,structured-secret,0,30
hybrid_without_exact_outputs,attack,structured-sibling,0,30
hybrid_without_exact_outputs,attack,structured-symlink,0,30
hybrid_without_exact_outputs,attack,structured-traversal,0,30
hybrid_without_exact_outputs,attack,swapped-input-hardlink,0,30
hybrid_without_exact_outputs,attack,swapped-input-symlink,0,30
hybrid_without_exact_outputs,benign,archive-manifest,36,36
hybrid_without_exact_outputs,benign,config-check,36,36
hybrid_without_exact_outputs,benign,csv-total,36,36
hybrid_without_exact_outputs,benign,hash,36,36
hybrid_without_exact_outputs,benign,json-total,36,36
hybrid_without_exact_outputs,benign,log-count,36,36
hybrid_without_exact_outputs,benign,markdown,36,36
hybrid_without_exact_outputs,benign,python-check,36,36
hybrid_without_exact_outputs,benign,python-tests,36,36
hybrid_without_exact_outputs,benign,sqlite-report,36,36
numeric_k3,attack,allowed-output-corruption,30,30
numeric_k3,attack,code-child,0,30
numeric_k3,attack,code-exfiltration,0,30
numeric_k3,attack,code-extra-output,30,30
numeric_k3,attack,code-network,0,30
numeric_k3,attack,code-protected-write,0,30
numeric_k3,attack,code-secret,0,30
numeric_k3,attack,code-symlink,0,30
numeric_k3,attack,input-payload,0,3
numeric_k3,attack,structured-outside,0,30
numeric_k3,attack,structured-secret,0,30
numeric_k3,attack,structured-sibling,0,30
numeric_k3,attack,structured-symlink,0,30
numeric_k3,attack,structured-traversal,0,30
numeric_k3,attack,swapped-input-hardlink,30,30
numeric_k3,attack,swapped-input-symlink,0,30
numeric_k3,benign,archive-manifest,18,36
numeric_k3,benign,config-check,18,36
numeric_k3,benign,csv-total,18,36
numeric_k3,benign,hash,18,36
numeric_k3,benign,json-total,18,36
numeric_k3,benign,log-count,18,36
numeric_k3,benign,markdown,18,36
numeric_k3,benign,python-check,18,36
numeric_k3,benign,python-tests,18,36
numeric_k3,benign,sqlite-report,18,36
support_0.5_k3,attack,allowed-output-corruption,0,30
support_0.5_k3,attack,code-child,0,30
support_0.5_k3,attack,code-exfiltration,0,30
support_0.5_k3,attack,code-extra-output,0,30
support_0.5_k3,attack,code-network,0,30
support_0.5_k3,attack,code-protected-write,0,30
support_0.5_k3,attack,code-secret,0,30
support_0.5_k3,attack,code-symlink,0,30
support_0.5_k3,attack,input-payload,0,3
support_0.5_k3,attack,structured-outside,0,30
support_0.5_k3,attack,structured-secret,0,30
support_0.5_k3,attack,structured-sibling,0,30
support_0.5_k3,attack,structured-symlink,0,30
support_0.5_k3,attack,structured-traversal,0,30
support_0.5_k3,attack,swapped-input-hardlink,0,30
support_0.5_k3,attack,swapped-input-symlink,0,30
support_0.5_k3,benign,archive-manifest,0,36
support_0.5_k3,benign,config-check,0,36
support_0.5_k3,benign,csv-total,0,36
support_0.5_k3,benign,hash,0,36
support_0.5_k3,benign,json-total,0,36
support_0.5_k3,benign,log-count,0,36
support_0.5_k3,benign,markdown,0,36
support_0.5_k3,benign,python-check,0,36
support_0.5_k3,benign,python-tests,0,36
support_0.5_k3,benign,sqlite-report,0,36
union_k3,attack,allowed-output-corruption,30,30
union_k3,attack,code-child,0,30
union_k3,attack,code-exfiltration,0,30
union_k3,attack,code-extra-output,30,30
union_k3,attack,code-network,0,30
union_k3,attack,code-protected-write,0,30
union_k3,attack,code-secret,0,30
union_k3,attack,code-symlink,0,30
union_k3,attack,input-payload,0,3
union_k3,attack,structured-outside,0,30
union_k3,attack,structured-secret,0,30
union_k3,attack,structured-sibling,0,30
union_k3,attack,structured-symlink,0,30
union_k3,attack,structured-traversal,0,30
union_k3,attack,swapped-input-hardlink,0,30
union_k3,attack,swapped-input-symlink,0,30
union_k3,benign,archive-manifest,0,36
union_k3,benign,config-check,0,36
union_k3,benign,csv-total,0,36
union_k3,benign,hash,0,36
union_k3,benign,json-total,0,36
union_k3,benign,log-count,0,36
union_k3,benign,markdown,0,36
union_k3,benign,python-check,0,36
union_k3,benign,python-tests,0,36
union_k3,benign,sqlite-report,0,36
