configuration,benign_successes,benign_total,benign_success_pct,harmful_successes,attack_total,attack_success_pct,boundary_attack_successes,boundary_attack_total,median_successful_benign_ms,matched_median_overhead_pct,mean_excess_pairs,benign_wilson_interval
C0_container,60,60,100.0,105,105,100.0,90,90,69.349,0.0,28.2,"[0.9398, 1.0]"
C1_network_denied,48,60,80.0,90,105,85.71,75,90,70.804,2.58,27.2,"[0.6822, 0.8817]"
C2_workspace,60,60,100.0,90,105,85.71,75,90,72.119,2.27,26.2,"[0.9398, 1.0]"
C3_manual,60,60,100.0,15,105,14.29,0,90,70.544,1.5,0,"[0.9398, 1.0]"
C4_literal_k1,24,60,40.0,15,105,14.29,0,90,72.622,1.89,0,"[0.2857, 0.5263]"
O2_union_k3,60,60,100.0,15,105,14.29,0,90,72.042,2.09,0,"[0.9398, 1.0]"
O1_template_k2,60,60,100.0,15,105,14.29,0,90,71.068,2.59,0,"[0.9398, 1.0]"
support_0.5_k3,0,60,0.0,0,105,0.0,0,90,,,0,"[-0.0, 0.0602]"
promotion_budget2_k3,60,60,100.0,15,105,14.29,0,90,72.934,5.41,0.6,"[0.9398, 1.0]"
